,Job Name,Company,Company Location,Salary,Job Description,Job Posted,Apply url
0,Immediate need For Java Architect who are interested To learn Chaos,Cigniti Technologies,"Hybrid - Pune, Hyderabad, Bengaluru",Not disclosed,Relevant experience on Chaos engineering / Resilience / High availability testing of 4 ...,1 Day Ago,https://www.naukri.com/job-listings-immediate-need-for-java-architect-who-are-interested-to-learn-chaos-cigniti-technologies-hyderabad-pune-bengaluru-10-to-17-years-240823006910
1,Backend Developer,IBM,Pune,Not disclosed,Build the worlds most secure system via Z systems which helps customers to deploy their...,Today,https://www.naukri.com/job-listings-backend-developer-ibm-india-pvt-limited-pune-1-to-3-years-130224908055
2,Application Developer: RDBMS,IBM,Pune,Not disclosed,A career in IBM Consulting embraces long-term relationships and close collaboration wit...,Today,https://www.naukri.com/job-listings-application-developer-rdbms-ibm-india-pvt-limited-pune-3-to-6-years-130224907613
3,L3 Developer_Security,IBM,Pune,Not disclosed,Your Role and ResponsibilitiesExperienced Java developer with thorough understanding of...,Today,https://www.naukri.com/job-listings-l3-developer-security-ibm-india-pvt-limited-pune-6-to-9-years-130224907458
4,MuleSoft Architect,Capgemini,Pune,Not disclosed,"Should be able to create munits, junits, mock services needed during testingShould help...",Today,https://www.naukri.com/job-listings-mulesoft-architect-capgemini-technology-services-india-limited-pune-9-to-12-years-130224905889
5,Hiring For Java with AWS,Freshersworld.com,"Hybrid - Pune, Maharashtra, Gurugram, Haryana, Bengaluru, Karnataka",9-19 Lacs PA,"Role & responsibilities . A bachelors degree in computer science, software engineering,...",Just Now,https://www.naukri.com/job-listings-hiring-for-java-with-aws-teamlease-pune-maharashtra-gurugram-haryana-bengaluru-karnataka-7-to-12-years-130224011475
6,"Sr Developer, Software Development (Java)",American credit report agency,"Hybrid - Pune, Maharashtra, Chennai, Tamil Nadu",Not disclosed,"Need strong core Java 11+ Version, J2EE, Spring or Spring boot, . Must have good exp in...",Today,https://www.naukri.com/job-listings-sr-developer-software-development-java-search-quest-consultants-pune-maharashtra-chennai-tamil-nadu-6-to-8-years-130224004856
7,Package Consultant: Adobe Experience Manager,IBM,Pune,Not disclosed,Required Technical and Professional Expertise . Strong development experience in Aobe E...,1 Day Ago,https://www.naukri.com/job-listings-package-consultant-adobe-experience-manager-ibm-india-pvt-limited-pune-4-to-9-years-120224902240
8,Engineering AVP,Deutsche Bank,Pune,Not disclosed,Engineering Degree / Post graduation from an accredited college or universityWell verse...,1 Day Ago,https://www.naukri.com/job-listings-engineering-avp-deutsche-bank-ag-pune-7-to-12-years-120224901895
9,Senior Technical Consultant,Arorian Technologies,"Pune, Kolkata, Mumbai, New Delhi, Hyderabad/Secunderabad, Chennai, Bangalore/Bengaluru",Not disclosed,Excellent Salary . Work from Home . Hands on experience with Windchill Development > 5 ...,1 Day Ago,https://www.naukri.com/job-listings-senior-technical-consultant-arorian-technologies-kolkata-mumbai-new-delhi-hyderabad-secunderabad-pune-chennai-bangalore-bengaluru-5-to-10-years-120224500055
10,Java Developer,Valuemomentum,"Pune, Maharashtra, Hyderabad, Telangana",Not disclosed,Job Role: Java Developer. Job Location: Hyderabad / Pune (WFO). Notice Period: Immediat...,1 Day Ago,https://www.naukri.com/job-listings-java-developer-valuemomentum-hyderabad-telangana-pune-maharashtra-4-to-9-years-120224006005
11,Job Citiustech - Java Developer,Citiustech,"Hybrid - Pune, Maharashtra, Bengaluru, Karnataka, Mumbai (All Areas)",Not disclosed,Qualifications: Minimum 8 years of experience as a Java DeveloperPrior experience in th...,1 Day Ago,https://www.naukri.com/job-listings-citiustech-java-developer-citiustech-pune-maharashtra-bengaluru-karnataka-mumbai-all-areas-4-to-9-years-120224004136
12,Sailpoint Developer,Tata Consultancy Services (TCS),"Pune, Maharashtra",Not disclosed,"Should have experience in requirement gathering, design, implementation and testing for...",1 Day Ago,https://www.naukri.com/job-listings-sailpoint-developer-tata-consultancy-services-tcs-pune-maharashtra-5-to-10-years-120224000550
13,"Senior Java Developer ( Spring boot, Hadoop,Solr) 3+ Yrs",Enovate It Outsourcing,Hybrid - Pune(Hadapsar),8-16 Lacs PA,Good problem solving and debug skillsMust have minimum 3 years of working experience in...,Just Now,https://www.naukri.com/job-listings-senior-java-developer-spring-boot-hadoop-solr-3-yrs-enovate-it-outsourcing-pune-3-to-6-years-280521004486
14,Opening For Java Developer,Surabhi Placemrnt Services,"Pune, Maharashtra, Mumbai (All Areas)",5-12 Lacs PA,"Exp.in Java, J2EE, Springboot, JSP, Servlet, Hibernate, HTML5, CSS3, Bootstrap. o Hands...",2 Days Ago,https://www.naukri.com/job-listings-opening-for-java-developer-surabhi-placemrnt-services-pune-maharashtra-mumbai-all-areas-2-to-7-years-110224001327
15,Java Enterprise Edition-Application Lead,Accenture,Pune,Not disclosed,Educational Qualification :Bachelors degree and / or relevant experience required with ...,3 Days Ago,https://www.naukri.com/job-listings-java-enterprise-edition-application-lead-accenture-solutions-pvt-ltd-pune-5-to-10-years-100224905017
16,Java Full Stack Development-Application Developer,Accenture,Pune,Not disclosed,Must have skills :Java Full Stack Development Good to have skills :Cloud Infrastructure...,3 Days Ago,https://www.naukri.com/job-listings-java-full-stack-development-application-developer-accenture-solutions-pvt-ltd-pune-2-to-5-years-100224904960
17,Angular-Application Developer,Accenture,Pune,Not disclosed,Must have skills :Angular Good to have skills :Spring Boot Minimum 3 year(s) of experie...,3 Days Ago,https://www.naukri.com/job-listings-angular-application-developer-accenture-solutions-pvt-ltd-pune-2-to-5-years-100224904948
18,Spring Boot-Full Stack Engineer,Accenture,Pune,Not disclosed,"Technical Experience : 1-Should have understainding of Core Java, Java J2ee 2-Knowledge...",3 Days Ago,https://www.naukri.com/job-listings-spring-boot-full-stack-engineer-accenture-solutions-pvt-ltd-pune-5-to-10-years-100224904885
19,Java Enterprise Edition-Software Configuration Engineer,Accenture,Pune,Not disclosed,Project Role :Software Configuration Engineer Project Role Description :Implement the c...,3 Days Ago,https://www.naukri.com/job-listings-java-enterprise-edition-software-configuration-engineer-accenture-solutions-pvt-ltd-pune-6-to-10-years-100224904187
